use_morphology,task,method,auc,reset_auc,forward_transfer
False,T1,finetune,0.7672413793103449,0.7672413793103449,0.0
False,T1,kl,0.7672413793103449,0.7672413793103449,0.0
False,T2,finetune,1.0,0.7274220033966261,0.2725779966033739
False,T2,kl,1.0,0.7274220033966261,0.2725779966033739
True,T1,finetune,0.6596059113740921,0.6596059113740921,0.0
True,T1,kl,0.6596059113740921,0.6596059113740921,0.0
True,T2,finetune,1.0,0.6995484402467465,0.30045155975325355
True,T2,kl,0.9908045978381717,0.6995484402467465,0.2912561575914252
